{
	"$schema": "http://schema.management.azure.com/schemas/2015-01-01/deploymentTemplate.json#",
	"contentVersion": "1.0.0.0",
	"parameters": {
		"factoryName": {
			"type": "string",
			"metadata": "Data Factory name"
		},
		"SpyPullFunction": {
			"type": "string"
		}
	},
	"variables": {
		"factoryId": "[concat('Microsoft.DataFactory/factories/', parameters('factoryName'))]"
	},
	"resources": [
		{
			"name": "[concat(parameters('factoryName'), '/SpyPull')]",
			"type": "Microsoft.DataFactory/factories/pipelines",
			"apiVersion": "2018-06-01",
			"properties": {
				"activities": [
					{
						"name": "SpyPull",
						"type": "AzureFunctionActivity",
						"dependsOn": [],
						"policy": {
							"timeout": "7.00:00:00",
							"retry": 0,
							"retryIntervalInSeconds": 30,
							"secureOutput": false,
							"secureInput": false
						},
						"userProperties": [],
						"typeProperties": {
							"functionName": "seeq-search",
							"method": "POST",
							"body": {
								"search-params": "<search-params>",
								"grid": "<grid>",
								"key": "<key>",
								"secret": "<secret>",
								"start": "<start>",
								"end": "<end>"
							}
						},
						"linkedServiceName": {
							"referenceName": "[parameters('SpyPullFunction')]",
							"type": "LinkedServiceReference"
						}
					}
				],
				"annotations": [],
				"lastPublishTime": "2021-05-06T16:53:26Z"
			},
			"dependsOn": []
		}
	]
}